<?xml version="1.0" encoding="UTF-8" ?>
 <extension key="org.webaccess.payment.redfin" type="payment">
 <downloadUrl>http://webaccessnet.com:8068/~mayur/payment.RedFin.zip</downloadUrl>
  <file>RedFin</file>
  <name>RedFin</name>
  <description>RedFin Payment Processor</description>
  <urls>
    <url desc="Main Extension Page"></url>
    <url desc="Documentation"></url>
    <url desc="Support"></url>
    <url desc="Licensing"></url>
  </urls>
  <license></license>
  <maintainer>
    <author>Web Access India Pvt. Ltd.</author>
    <email>info@webaccessglobal.com</email>
  </maintainer>
  <releaseDate>2011-05-16</releaseDate>
  <version>1.1</version>
  <develStage>beta</develStage>
  <compatibility><ver>3.6</ver></compatibility>
  <comments></comments>
  <typeInfo>
   <userNameLabel>username</userNameLabel>
   <passwordLabel>password</passwordLabel>
   <signatureLabel></signatureLabel>
   <subjectLabel></subjectLabel>
   <urlSiteDefault>https://secure.redfinnet.com/smartpayments/transact.asmx/ProcessCreditCard</urlSiteDefault>
   <urlApiDefault></urlApiDefault>
   <urlRecurDefault></urlRecurDefault>
   <urlSiteTestDefault>https://secure.redfinnet.com/smartpayments/transact.asmx/ProcessCreditCard</urlSiteTestDefault>
   <urlApiTestDefault></urlApiTestDefault>
   <urlRecurTestDefault></urlRecurTestDefault>
   <urlButtonDefault></urlButtonDefault>
   <urlButtonTestDefault></urlButtonTestDefault>
   <billingMode>form</billingMode>
   <isRecur>1</isRecur>
   <paymentType>1</paymentType>
  </typeInfo>
</extension>
